cost_type,row_count,usage_amount,on_demand_cost,amortized_cost
On Demand Usage,20062471,217037689994.1823,695275.2665350181,689816.4266054366
Spot Usage,29886,80873.56364500003,12248.882783262798,5286.2496551490885
Unused Commitment,69969,511372.61805555574,0.0,9688.711707625698
Usage with Discount,739202,14798082.670883551,263298.4731450932,156658.2577978164
