product_code,on_demand_cost,discounted_cost,gross_savings_if_fully_covered
AmazonEC2,54434.4923941363,30218.258886715343,24216.23350742096
AmazonECS,37616.822801912,21738.47757485637,15878.345227055628
AWSLambda,3299.4502556819,2989.6580055565128,309.7922501253872
