instrument_family,on_demand_cost,amortized_cost,commitment_realized_savings_dollars,spot_savings_vs_on_demand_dollars,waste_dollars,net_savings_dollars,net_effective_savings_rate
Compute Savings Plan,202544.154974018,115332.98207385198,87211.17290016601,0.0,0.0,87211.17290016601,0.4305785714297868
Reserved Instance,58789.63906716532,47176.38403522686,18615.158144580957,0.0,7001.9031126425,11613.25503193846,0.1975391449277428
Spot (non-commitment cost),12108.629809310189,5235.5091509307,0.0,6873.120658379488,0.0,6873.120658379488,0.5676216687287626
On Demand / No Commitment,690394.2277200649,685063.346541468,0.0,0.0,0.0,5330.881178596872,0.0077215031130856895
