cost_type,on_demand_cost,amortized_cost,savings_dollars,effective_savings_rate
On Demand Usage,690394.227719939,685063.3465413541,5330.881178584881,0.007721503113069731
Spot Usage,12108.629809310196,5235.509150930697,6873.120658379499,0.5676216687287632
Unused Commitment,0.0,7001.9031126425,-7001.9031126425,
Usage with Discount,261333.794041245,155507.46299645476,105826.33104479025,0.40494698143818403
