cost_type,on_demand_cost,amortized_cost,savings_dollars,effective_savings_rate
On Demand Usage,690394.2277200115,685063.3465414251,5330.8811785863945,0.007721503113071112
Spot Usage,12108.629809310187,5235.509150930693,6873.120658379494,0.5676216687287632
Unused Commitment,0.0,7001.9031126425,-7001.9031126425,
Usage with Discount,261333.79404123768,155507.46299645357,105826.3310447841,0.40494698143817187
