billing_period,eligible_on_demand_cost,eligible_discounted_cost,covered_on_demand_cost,consumed_commitment,unused_commitment_waste,gross_savings,net_savings,paid_commitment,effective_savings_rate,coverage_rate,utilization
2025-09,15795.3577401438,9397.831313040284,15795.3577401438,9397.831313040284,4118.768782251293,6397.526427103515,2278.7576448522223,13516.600095291577,0.14426755521090695,1.0,0.695280710147958
2025-10,16598.293651646698,9877.86341188622,16598.293651646698,9877.86341188622,4089.2900199150763,6720.43023976048,2631.140219845403,13967.153431801296,0.1585187173492602,1.0,0.7072209423428883
2025-11,16452.5525875694,9804.512954518861,16452.5525875694,9804.512954518861,3712.0871407727154,6648.039633050538,2935.952492277823,13516.600095291577,0.17844966467367862,1.0,0.7253682794043897
2025-12,25360.7321843434,14716.773677273457,22004.79140510257,12538.938596925616,1428.214834875679,9465.852808176947,8037.637973301268,13967.153431801295,0.3169324101085438,0.8676717708760537,0.8977447450656747
2026-01,31019.7776353606,17869.675056619682,25028.136892959756,13967.153431801296,0.0,11060.98346115845,11060.98346115845,13967.153431801296,0.35657842526084466,0.8068444973128773,1.0
2026-02,28842.1674334709,16633.089906380013,22650.390653843362,12615.493422272139,0.0,10034.89723157122,10034.89723157122,12615.493422272139,0.34792451901259935,0.7853220707524888,1.0
2026-03,32849.9830356425,18890.342156137634,25225.206466878244,13967.153431801296,0.0,11258.053035076942,11258.053035076942,13967.153431801296,0.34271107607154205,0.7678910043730826,1.0
2026-04,31288.0133972745,18037.196450296382,24333.134243380948,13516.600095291577,0.0,10816.534148089368,10816.534148089368,13516.600095291577,0.3457085629166726,0.777714261829759,1.0
2026-05,31212.7690188132,18018.855860694206,25033.55073561089,13967.153431801296,0.0,11066.397303809586,11066.397303809586,13967.153431801296,0.3545471181085991,0.8020291541747595,1.0
